{"__symbolic":"module","version":4,"metadata":{"NgxTextDiffService":{"__symbolic":"class","decorators":[{"__symbolic":"call","expression":{"__symbolic":"reference","module":"@angular/core","name":"Injectable","line":5,"character":1},"arguments":[{"providedIn":"root"}]}],"members":{"__ctor__":[{"__symbolic":"constructor"}],"initParser":[{"__symbolic":"method"}],"getDiffsByLines":[{"__symbolic":"method"}]},"statics":{"ɵprov":{}}},"NgxTextDiffComponent":{"__symbolic":"class","decorators":[{"__symbolic":"call","expression":{"__symbolic":"reference","module":"@angular/core","name":"Component","line":18,"character":1},"arguments":[{"selector":"td-ngx-text-diff","template":"<td-loader-spinner [active]=\"loading\"></td-loader-spinner>\n<div class=\"td-wrapper\" [ngClass]=\"outerContainerClass\" [ngStyle]=\"outerContainerStyle\" *ngIf=\"!loading\">\n\n  <div [ngClass]=\"toolbarClass\" [ngStyle]=\"toolbarStyle\" *ngIf=\"showToolbar\">\n    <div class=\"td-toolbar-show-diff\">\n      <label class=\"td-checkbox-container\">\n        Only Show Lines with Differences ({{ diffsCount }})\n        <input type=\"checkbox\" id=\"showDiffs\" [ngModel]=\"hideMatchingLines\" (ngModelChange)=\"hideMatchingLinesChanged($event)\" />\n        <span class=\"checkmark\"></span>\n      </label>\n    </div>\n  </div>\n\n  <div class=\"td-toolbar-select-format\" *ngIf=\"showToolbar && showBtnToolbar\">\n    <div class=\"td-btn-group td-btn-group-toggle\" data-toggle=\"buttons\">\n      <button\n        *ngFor=\"let option of formatOptions\"\n        [ngClass]=\"{ active: format === option.value, disabled: !!option.disabled }\"\n        [name]=\"option.name\"\n        [id]=\"option.id\"\n        [disabled]=\"!!option.disabled\"\n        (click)=\"setDiffTableFormat(option.value)\"\n      >\n        {{ option.label }}\n      </button>\n    </div>\n  </div>\n\n  <div class=\"td-table-wrapper\" [ngClass]=\"compareRowsClass\" [ngStyle]=\"compareRowsStyle\">\n    <!-- Right side-by-side -->\n    <div class=\"td-table-container side-by-side\" *ngIf=\"format === 'SideBySide'\" id=\"td-left-compare-container\" tdContainer cdkScrollable>\n      <table class=\"td-table\">\n        <tbody>\n          <tr *ngFor=\"let row of filteredTableRows; trackBy: trackTableRows\">\n            <td\n              scope=\"row\"\n              class=\"fit-column line-number-col\"\n              [ngClass]=\"{ 'delete-row': row.leftContent?.prefix === '-', 'empty-row': !row.leftContent?.lineContent }\"\n            >\n              {{ row.leftContent?.lineNumber !== -1 ? row.leftContent?.lineNumber : ' ' }}\n            </td>\n            <td\n              class=\"fit-column prefix-col\"\n              [ngClass]=\"{ 'delete-row': row.leftContent?.prefix === '-', 'empty-row': !row.leftContent?.lineContent }\"\n            >\n              <span>{{ row.leftContent?.prefix || ' ' }}</span>\n            </td>\n            <td\n              class=\"content-col\"\n              [ngClass]=\"{ 'delete-row': row.leftContent?.prefix === '-', 'empty-row': !row.leftContent?.lineContent }\"\n              *ngIf=\"!row.hasDiffs\"\n            >\n              <span [innerHTML]=\"row.leftContent?.lineContent | formatLine\"></span>\n            </td>\n            <td\n              class=\"content-col\"\n              [ngClass]=\"{ 'delete-row': row.leftContent?.prefix === '-', 'empty-row': !row.leftContent?.lineContent }\"\n              *ngIf=\"row.hasDiffs\"\n            >\n              <span\n                [innerHTML]=\"diff.content | formatLine\"\n                [ngClass]=\"{ highlight: diff.isDiff }\"\n                *ngFor=\"let diff of row.leftContent?.lineDiffs; trackBy: trackDiffs\"\n              ></span>\n            </td>\n          </tr>\n        </tbody>\n      </table>\n    </div>\n    <!-- Left side-by-side -->\n    <div class=\"td-table-container side-by-side\" *ngIf=\"format === 'SideBySide'\" id=\"td-right-compare-container\" tdContainer cdkScrollable>\n      <table class=\"td-table\">\n        <tbody>\n          <tr *ngFor=\"let row of filteredTableRows; trackBy: trackTableRows\">\n            <td\n              scope=\"row\"\n              class=\"fit-column line-number-col\"\n              [ngClass]=\"{ 'insert-row': row.rightContent?.prefix === '+', 'empty-row': !row.rightContent?.lineContent }\"\n            >\n              {{ row.rightContent?.lineNumber !== -1 ? row.rightContent?.lineNumber : ' ' }}\n            </td>\n            <td\n              class=\"fit-column prefix-col\"\n              [ngClass]=\"{ 'insert-row': row.rightContent?.prefix === '+', 'empty-row': !row.rightContent?.lineContent }\"\n            >\n              <span>{{ row.rightContent?.prefix || ' ' }}</span>\n            </td>\n            <td\n              class=\"content-col\"\n              [ngClass]=\"{ 'insert-row': row.rightContent?.prefix === '+', 'empty-row': !row.rightContent?.lineContent }\"\n              *ngIf=\"!row.hasDiffs\"\n            >\n              <span [innerHTML]=\"row.rightContent?.lineContent | formatLine\"></span>\n            </td>\n            <td\n              class=\"content-col\"\n              [ngClass]=\"{ 'insert-row': row.rightContent?.prefix === '+', 'empty-row': !row.rightContent?.lineContent }\"\n              *ngIf=\"row.hasDiffs\"\n            >\n              <span\n                [innerHTML]=\"diff.content | formatLine\"\n                [ngClass]=\"{ highlight: diff.isDiff }\"\n                *ngFor=\"let diff of row.rightContent?.lineDiffs; trackBy: trackDiffs\"\n              ></span>\n            </td>\n          </tr>\n        </tbody>\n      </table>\n    </div>\n    <!-- Line By Line - combined table -->\n    <div class=\"td-table-container line-by-line\" *ngIf=\"format === 'LineByLine'\">\n      <table class=\"td-table\">\n        <tbody>\n          <tr *ngFor=\"let row of filteredTableRowsLineByLine; trackBy: trackTableRows\">\n            <td scope=\"row\" class=\"fit-column line-number-col-left\">{{ row.leftContent?.lineNumber }}</td>\n            <td scope=\"row\" class=\"fit-column line-number-col\">{{ row.rightContent?.lineNumber }}</td>\n            <td\n              class=\"fit-column prefix-col\"\n              [ngClass]=\"{ 'delete-row': row.leftContent?.prefix === '-', 'insert-row': row.rightContent?.prefix === '+' }\"\n            >\n              <span>{{ row.leftContent?.prefix || row.rightContent?.prefix || ' ' }}</span>\n            </td>\n            <td\n              class=\"content-col\"\n              [ngClass]=\"{ 'delete-row': row.leftContent?.prefix === '-', 'insert-row': row.rightContent?.prefix === '+' }\"\n              *ngIf=\"!row.hasDiffs\"\n            >\n              <span [innerHTML]=\"row.leftContent?.lineContent | formatLine\"></span>\n            </td>\n            <td\n              class=\"content-col\"\n              [ngClass]=\"{ 'delete-row': row.leftContent?.prefix === '-', 'insert-row': row.rightContent?.prefix === '+' }\"\n              *ngIf=\"row.hasDiffs && row.leftContent && row.leftContent?.lineDiffs.length !== 0\"\n            >\n              <span\n                [innerHTML]=\"diff.content | formatLine\"\n                [ngClass]=\"{ highlight: diff.isDiff }\"\n                *ngFor=\"let diff of row.leftContent?.lineDiffs; trackBy: trackDiffs\"\n              ></span>\n            </td>\n            <td\n              class=\"content-col\"\n              [ngClass]=\"{ 'delete-row': row.leftContent?.prefix === '-', 'insert-row': row.rightContent?.prefix === '+' }\"\n              *ngIf=\"row.hasDiffs && row.rightContent && row.rightContent?.lineDiffs.length !== 0\"\n            >\n              <span\n                [innerHTML]=\"diff.content | formatLine\"\n                [ngClass]=\"{ highlight: diff.isDiff }\"\n                *ngFor=\"let diff of row.rightContent?.lineDiffs; trackBy: trackDiffs\"\n              ></span>\n            </td>\n          </tr>\n        </tbody>\n      </table>\n    </div>\n  </div>\n</div>\n","styles":[".td-wrapper{background-color:#fff;color:#444;display:grid;grid-row-gap:10px;grid-template-columns:repeat(2,[col] 50%);grid-template-rows:repeat(2,[row] auto);width:100%}.td-toolbar-show-diff{grid-column:1;grid-row:1}.td-toolbar-select-format{grid-column:2;grid-row:1;margin-left:auto}.td-table-container{grid-column:1/2;grid-row:2;max-width:100%;overflow-x:auto;width:100%}.td-table-wrapper{display:flex;width:200%}.td-table{border:1px solid #a9a9a9;max-height:50vh;max-width:100%;width:100%}.fit-column{white-space:nowrap;width:1px}.line-number-col{border-right:1px solid #ddd;left:0;position:relative;position:sticky;top:auto}.line-number-col,.line-number-col-left{background-color:#f7f7f7;color:#999;font-size:87.5%;padding-left:10px;padding-right:10px;text-align:right}.insert-row,.insert-row>.line-number-col{background-color:#dfd;border-color:#b4e2b4}.delete-row,.delete-row>.line-number-col{background-color:#fee8e9;border-color:#e9aeae}.empty-row{background-color:#f7f7f7;height:24px}.td-table td{border-top:0;max-width:50%;padding-bottom:0;padding-top:0;white-space:nowrap}pre{margin-bottom:0}td.content-col{line-height:24px;margin:0;padding:0}td.prefix-col{line-height:24px;padding-left:10px;padding-right:10px}.td-btn-group{border-radius:4px}.td-btn-group button{background-color:rgba(23,162,184,.7);border:1px solid #17a2b8;color:#fff;cursor:pointer;float:left}.td-btn-group button:not(:last-child){border-right:none}.td-btn-group button:first-child{-moz-border-radius-bottomleft:4px;-moz-border-radius-topleft:4px;-webkit-border-bottom-left-radius:4px;-webkit-border-top-left-radius:4px;border-bottom-left-radius:4px;border-top-left-radius:4px}.td-btn-group button:last-child{-moz-border-radius-bottomright:4px;-moz-border-radius-topright:4px;-webkit-border-bottom-right-radius:4px;-webkit-border-top-right-radius:4px;border-bottom-right-radius:4px;border-top-right-radius:4px}.td-btn-group:after{clear:both;content:\"\";display:table}.td-btn-group button.active,.td-btn-group button:hover{background-color:#17a2b8}.td-checkbox-container{-moz-user-select:none;-webkit-user-select:none;cursor:pointer;display:block;font-size:16px;line-height:28px;margin-bottom:0;padding-left:21px;position:relative;user-select:none}.td-checkbox-container input{cursor:pointer;height:0;opacity:0;position:absolute;width:0}.checkmark{background-color:#eee;height:16px;left:0;position:absolute;top:7px;width:16px}.td-checkbox-container:hover input~.checkmark{background-color:#ccc}.td-checkbox-container input:checked~.checkmark{background-color:#17a2b8}.checkmark:after{content:\"\";display:none;position:absolute}.td-checkbox-container input:checked~.checkmark:after{display:block}.td-checkbox-container .checkmark:after{border:solid #fff;border-width:0 3px 3px 0;height:10px;left:5px;top:3px;transform:rotate(45deg);width:5px}.insert-row>.highlight{background-color:#acf2bd!important}.delete-row>.highlight{background-color:#fdb8c0!important}"]}]}],"members":{"containers":[{"__symbolic":"property","decorators":[{"__symbolic":"call","expression":{"__symbolic":"reference","module":"@angular/core","name":"ViewChildren","line":25,"character":3},"arguments":[{"__symbolic":"reference","name":"ɵa"}]}]}],"format":[{"__symbolic":"property","decorators":[{"__symbolic":"call","expression":{"__symbolic":"reference","module":"@angular/core","name":"Input","line":26,"character":3}}]}],"left":[{"__symbolic":"property","decorators":[{"__symbolic":"call","expression":{"__symbolic":"reference","module":"@angular/core","name":"Input","line":27,"character":3}}]}],"right":[{"__symbolic":"property","decorators":[{"__symbolic":"call","expression":{"__symbolic":"reference","module":"@angular/core","name":"Input","line":28,"character":3}}]}],"diffContent":[{"__symbolic":"property","decorators":[{"__symbolic":"call","expression":{"__symbolic":"reference","module":"@angular/core","name":"Input","line":29,"character":3}}]}],"loading":[{"__symbolic":"property","decorators":[{"__symbolic":"call","expression":{"__symbolic":"reference","module":"@angular/core","name":"Input","line":30,"character":3}}]}],"showToolbar":[{"__symbolic":"property","decorators":[{"__symbolic":"call","expression":{"__symbolic":"reference","module":"@angular/core","name":"Input","line":31,"character":3}}]}],"showBtnToolbar":[{"__symbolic":"property","decorators":[{"__symbolic":"call","expression":{"__symbolic":"reference","module":"@angular/core","name":"Input","line":32,"character":3}}]}],"hideMatchingLines":[{"__symbolic":"property","decorators":[{"__symbolic":"call","expression":{"__symbolic":"reference","module":"@angular/core","name":"Input","line":33,"character":3}}]}],"outerContainerClass":[{"__symbolic":"property","decorators":[{"__symbolic":"call","expression":{"__symbolic":"reference","module":"@angular/core","name":"Input","line":41,"character":3}}]}],"outerContainerStyle":[{"__symbolic":"property","decorators":[{"__symbolic":"call","expression":{"__symbolic":"reference","module":"@angular/core","name":"Input","line":42,"character":3}}]}],"toolbarClass":[{"__symbolic":"property","decorators":[{"__symbolic":"call","expression":{"__symbolic":"reference","module":"@angular/core","name":"Input","line":43,"character":3}}]}],"toolbarStyle":[{"__symbolic":"property","decorators":[{"__symbolic":"call","expression":{"__symbolic":"reference","module":"@angular/core","name":"Input","line":44,"character":3}}]}],"compareRowsClass":[{"__symbolic":"property","decorators":[{"__symbolic":"call","expression":{"__symbolic":"reference","module":"@angular/core","name":"Input","line":45,"character":3}}]}],"compareRowsStyle":[{"__symbolic":"property","decorators":[{"__symbolic":"call","expression":{"__symbolic":"reference","module":"@angular/core","name":"Input","line":46,"character":3}}]}],"synchronizeScrolling":[{"__symbolic":"property","decorators":[{"__symbolic":"call","expression":{"__symbolic":"reference","module":"@angular/core","name":"Input","line":47,"character":3}}]}],"compareResults":[{"__symbolic":"property","decorators":[{"__symbolic":"call","expression":{"__symbolic":"reference","module":"@angular/core","name":"Output","line":48,"character":3}}]}],"__ctor__":[{"__symbolic":"constructor","parameters":[{"__symbolic":"reference","module":"@angular/cdk/scrolling","name":"ScrollDispatcher","line":73,"character":37},{"__symbolic":"reference","name":"NgxTextDiffService"},{"__symbolic":"reference","module":"@angular/core","name":"ChangeDetectorRef","line":73,"character":101}]}],"ngOnInit":[{"__symbolic":"method"}],"ngAfterViewInit":[{"__symbolic":"method"}],"ngOnDestroy":[{"__symbolic":"method"}],"hideMatchingLinesChanged":[{"__symbolic":"method"}],"setDiffTableFormat":[{"__symbolic":"method"}],"renderDiffs":[{"__symbolic":"method"}],"emitCompareResultsEvent":[{"__symbolic":"method"}],"trackTableRows":[{"__symbolic":"method"}],"trackDiffs":[{"__symbolic":"method"}],"initScrollListener":[{"__symbolic":"method"}]}},"NgxTextDiffModule":{"__symbolic":"class","decorators":[{"__symbolic":"call","expression":{"__symbolic":"reference","module":"@angular/core","name":"NgModule","line":9,"character":1},"arguments":[{"imports":[{"__symbolic":"reference","module":"@angular/common","name":"CommonModule","line":10,"character":12},{"__symbolic":"reference","module":"@angular/forms","name":"FormsModule","line":10,"character":26},{"__symbolic":"reference","module":"@angular/cdk/scrolling","name":"ScrollingModule","line":10,"character":39}],"declarations":[{"__symbolic":"reference","name":"NgxTextDiffComponent"},{"__symbolic":"reference","name":"ɵb"},{"__symbolic":"reference","name":"ɵc"},{"__symbolic":"reference","name":"ɵa"}],"exports":[{"__symbolic":"reference","name":"NgxTextDiffComponent"}]}]}],"members":{}},"ɵa":{"__symbolic":"class","decorators":[{"__symbolic":"call","expression":{"__symbolic":"reference","module":"@angular/core","name":"Directive","line":2,"character":1},"arguments":[{"selector":"[tdContainer]"}]}],"members":{"id":[{"__symbolic":"property","decorators":[{"__symbolic":"call","expression":{"__symbolic":"reference","module":"@angular/core","name":"Input","line":6,"character":3}}]}],"__ctor__":[{"__symbolic":"constructor","parameters":[{"__symbolic":"reference","module":"@angular/core","name":"ElementRef","line":10,"character":27}]}]}},"ɵb":{"__symbolic":"class","decorators":[{"__symbolic":"call","expression":{"__symbolic":"reference","module":"@angular/core","name":"Component","line":2,"character":1},"arguments":[{"selector":"td-loader-spinner","template":"<div class=\"td-loading-roller\" *ngIf=\"active\">\n  <div></div>\n  <div></div>\n  <div></div>\n  <div></div>\n  <div></div>\n  <div></div>\n  <div></div>\n  <div></div>\n</div>\n","styles":[".td-loading-roller{display:inline-block;height:64px;position:relative;width:64px}.td-loading-roller div{-webkit-animation:lds-roller 1.2s cubic-bezier(.5,0,.5,1) infinite;animation:lds-roller 1.2s cubic-bezier(.5,0,.5,1) infinite;transform-origin:32px 32px}.td-loading-roller div:after{background:#000;border-radius:50%;content:\" \";display:block;height:6px;margin:-3px 0 0 -3px;position:absolute;width:6px}.td-loading-roller div:first-child{-webkit-animation-delay:-36ms;animation-delay:-36ms}.td-loading-roller div:first-child:after{left:50px;top:50px}.td-loading-roller div:nth-child(2){-webkit-animation-delay:-72ms;animation-delay:-72ms}.td-loading-roller div:nth-child(2):after{left:45px;top:54px}.td-loading-roller div:nth-child(3){-webkit-animation-delay:-.108s;animation-delay:-.108s}.td-loading-roller div:nth-child(3):after{left:39px;top:57px}.td-loading-roller div:nth-child(4){-webkit-animation-delay:-.144s;animation-delay:-.144s}.td-loading-roller div:nth-child(4):after{left:32px;top:58px}.td-loading-roller div:nth-child(5){-webkit-animation-delay:-.18s;animation-delay:-.18s}.td-loading-roller div:nth-child(5):after{left:25px;top:57px}.td-loading-roller div:nth-child(6){-webkit-animation-delay:-.216s;animation-delay:-.216s}.td-loading-roller div:nth-child(6):after{left:19px;top:54px}.td-loading-roller div:nth-child(7){-webkit-animation-delay:-.252s;animation-delay:-.252s}.td-loading-roller div:nth-child(7):after{left:14px;top:50px}.td-loading-roller div:nth-child(8){-webkit-animation-delay:-.288s;animation-delay:-.288s}.td-loading-roller div:nth-child(8):after{left:10px;top:45px}@-webkit-keyframes lds-roller{0%{transform:rotate(0deg)}to{transform:rotate(1turn)}}@keyframes lds-roller{0%{transform:rotate(0deg)}to{transform:rotate(1turn)}}"]}]}],"members":{"active":[{"__symbolic":"property","decorators":[{"__symbolic":"call","expression":{"__symbolic":"reference","module":"@angular/core","name":"Input","line":8,"character":3}}]}],"__ctor__":[{"__symbolic":"constructor"}],"ngOnInit":[{"__symbolic":"method"}]}},"ɵc":{"__symbolic":"class","decorators":[{"__symbolic":"call","expression":{"__symbolic":"reference","module":"@angular/core","name":"Pipe","line":2,"character":1},"arguments":[{"name":"formatLine"}]}],"members":{"transform":[{"__symbolic":"method"}]}}},"origins":{"NgxTextDiffService":"./lib/ngx-text-diff.service","NgxTextDiffComponent":"./lib/ngx-text-diff.component","NgxTextDiffModule":"./lib/ngx-text-diff.module","ɵa":"./lib/ngx-text-diff-container.directive","ɵb":"./lib/loader-spinner/loader-spinner.component","ɵc":"./lib/format-line.pipe"},"importAs":"ngx-text-diff"}